season,league
30,League
31,League
32,League
33,League
34,League
34,East
34,West
35,League
35,East
35,West
36,League
36,East
36,West
37,League
37,East
37,West
38,League
38,East
38,West
39,Atlantic
39,Central
39,Northeast
39,East
39,League
39,West
39,Pacific
40,Atlantic
40,Central
40,Northeast
40,East
40,League
40,West
40,Pacific
41,Atlantic
41,Central
41,Northeast
41,East
41,League
41,West
41,Pacific
42,Atlantic
42,Central
42,Northeast
42,East
42,West
42,Pacific
43,Coastal
43,Seaboard
43,Atlantic
43,Northeast
43,Central
43,West
43,Corridor
43,Metro
43,Pacific
44,Coastal
44,Seaboard
44,Atlantic
44,Northeast
44,Central
44,West
44,Corridor
44,Metro
44,Pacific
45,Coastal
45,Seaboard
45,Atlantic
45,Northeast
45,Central
45,West
45,Corridor
45,Metro
45,Pacific
46,Coastal
46,Seaboard
46,Atlantic
46,Northeast
46,Central
46,West
46,Corridor
46,Metro
46,Pacific
47,Coastal
47,Seaboard
47,Atlantic
47,Northeast
47,Central
47,West
47,Corridor
47,Metro
47,Pacific
48,Coastal
48,Seaboard
48,Atlantic
48,Northeast
48,League
48,Central
48,West
48,Corridor
48,Metro
48,Pacific
49,Coastal
49,Seaboard
49,Atlantic
49,Northeast
49,League
49,Central
49,West
49,Corridor
49,Metro
49,Pacific
50,Coastal
50,Seaboard
50,Atlantic
50,Northeast
50,League
50,Central
50,West
50,Corridor
50,Metro
50,Pacific
51,Coastal
51,Seaboard
51,Atlantic
51,Northeast
51,League
51,Central
51,West
51,Corridor
51,Metro
51,Pacific
52,Coastal
52,Atlantic
52,Northeast
52,League
52,Central
52,Corridor
52,West
52,Seaboard
52,Metro
52,Pacific
53,Coastal
53,Atlantic
53,Northeast
53,League
53,Central
53,Corridor
53,West
53,Seaboard
53,Metro
53,Pacific
54,Coastal
54,Atlantic
54,Northeast
54,League
54,Central
54,Corridor
54,West
54,Seaboard
54,Metro
54,Pacific
55,Coastal
55,Atlantic
55,Northeast
55,League
55,Central
55,Corridor
55,West
55,Seaboard
55,Metro
55,Pacific
56,Coastal
56,Highland
56,Atlantic
56,Midland
56,Northeast
56,League
56,Central
56,Corridor
56,Continental
56,West
56,Seaboard
56,Metro
56,Pacific
57,Coastal
57,Highland
57,Atlantic
57,Midland
57,Northeast
57,League
57,Central
57,Corridor
57,Continental
57,West
57,Seaboard
57,Metro
57,Pacific
58,Highland
58,Coastal
58,Atlantic
58,Midland
58,Northeast
58,Central
58,Corridor
58,Continental
58,West
58,Seaboard
58,Metro
58,Pacific
59,Highland
59,Coastal
59,Atlantic
59,Midland
59,Northeast
59,Central
59,Corridor
59,Continental
59,West
59,Seaboard
59,Metro
59,Pacific
60,Highland
60,Coastal
60,Seaboard
60,Midland
60,Central
60,Corridor
60,Metro
60,Pacific
61,Highland
61,Coastal
61,Seaboard
61,Midland
61,Metro
61,Central
61,Corridor
61,Frontier
61,Pacific
62,Highland
62,Coastal
62,Skyline
62,Seaboard
62,Midland
62,Metro
62,Central
62,Corridor
62,Frontier
62,Pacific
63,Highland
63,Coastal
63,Skyline
63,Horizon
63,Seaboard
63,Midland
63,Metro
63,Central
63,Corridor
63,Frontier
63,Pacific
64,Highland
64,Coastal
64,Maritime
64,Skyline
64,Horizon
64,Seaboard
64,Midland
64,Metro
64,Central
64,Meridian
64,Corridor
64,Frontier
64,Pacific
65,Highland
65,Coastal
65,Maritime
65,Pacific
65,Skyline
65,Horizon
65,Seaboard
65,Sequoia
65,Midland
65,Metro
65,Central
65,Meridian
65,Corridor
65,Frontier
65,Memorial
66,Coastal
66,Highland
66,Maritime
66,Pacific
66,Skyline
66,Alpine
66,Horizon
66,Seaboard
66,Sequoia
66,Midland
66,Metro
66,Central
66,Meridian
66,Corridor
66,Sugarloaf
66,Frontier
66,Memorial
67,Maritime
67,Alpine
67,Horizon
67,Midland
67,Corridor
67,Memorial
67,Sequoia
67,Central
67,Continental
67,Meridian
67,Frontier
67,Pacific
67,Highland
67,Skyline
67,Coastal
67,Badlands
67,Seaboard
67,Sugarloaf
67,Metro
68,Maritime
68,Alpine
68,Horizon
68,Midland
68,Corridor
68,Memorial
68,Magnolia
68,Sequoia
68,Central
68,Continental
68,Meridian
68,Arcadia
68,Frontier
68,Pacific
68,Highland
68,Skyline
68,Cascade
68,Coastal
68,Badlands
68,Seaboard
68,Sugarloaf
68,Metro
69,Maritime
69,Alpine
69,Horizon
69,Morningstar
69,Midland
69,Corridor
69,Memorial
69,Magnolia
69,Atlantic
69,Sequoia
69,Central
69,Continental
69,Meridian
69,Arcadia
69,Frontier
69,Pacific
69,Highland
69,Skyline
69,Cascade
69,Coastal
69,Tundra
69,Badlands
69,Seaboard
69,Sugarloaf
69,Metro
70,Maritime
70,Alpine
70,Horizon
70,Morningstar
70,Midland
70,Corridor
70,Memorial
70,Magnolia
70,Laguna
70,Atlantic
70,Sequoia
70,Central
70,Bayou
70,Continental
70,Meridian
70,Arcadia
70,Frontier
70,Pacific
70,Highland
70,Skyline
70,Cascade
70,Piedmont
70,Coastal
70,Tundra
70,Badlands
70,Seaboard
70,Sugarloaf
70,Metro
71,Plaza
71,Maritime
71,Alpine
71,Horizon
71,Morningstar
71,Midland
71,Corridor
71,Memorial
71,Magnolia
71,Laguna
71,Atlantic
71,Sequoia
71,Central
71,Bayou
71,Continental
71,Meridian
71,Arcadia
71,Frontier
71,Pacific
71,Highland
71,Skyline
71,Cascade
71,Piedmont
71,Coastal
71,Tundra
71,Fjord
71,Sierra
71,Badlands
71,Seaboard
71,Sugarloaf
71,Metro
72,Plaza
72,Maritime
72,Alpine
72,Horizon
72,Morningstar
72,Midland
72,Corridor
72,Glacier
72,Memorial
72,Magnolia
72,Laguna
72,Atlantic
72,Sequoia
72,Central
72,Bayou
72,Continental
72,Meridian
72,Arcadia
72,Frontier
72,Pacific
72,Highland
72,Skyline
72,Cascade
72,Archipelago
72,Piedmont
72,Coastal
72,Juniper
72,Prairie
72,Tundra
72,Fjord
72,Sierra
72,Badlands
72,Seaboard
72,Sugarloaf
72,Metro
73,Plaza
73,Maritime
73,Alpine
73,Horizon
73,Delta
73,Morningstar
73,Midland
73,Garden
73,Corridor
73,Glacier
73,Memorial
73,Maelstrom
73,Magnolia
73,Laguna
73,Atlantic
73,Sequoia
73,Central
73,Bayou
73,Continental
73,Meridian
73,Arcadia
73,Frontier
73,Pacific
73,Highland
73,Skyline
73,Cascade
73,Archipelago
73,Piedmont
73,Coastal
73,Juniper
73,Prairie
73,Tundra
73,Fjord
73,Tidewater
73,Sierra
73,Badlands
73,Seaboard
73,Sugarloaf
73,Metro
74,Plaza
74,Maritime
74,Alpine
74,Horizon
74,Delta
74,Morningstar
74,Midland
74,Garden
74,Olympic
74,Corridor
74,Glacier
74,Memorial
74,Maelstrom
74,Magnolia
74,Laguna
74,Atlantic
74,Sequoia
74,Central
74,Bayou
74,Continental
74,Meridian
74,Arcadia
74,Frontier
74,Pacific
74,Highland
74,Skyline
74,Cascade
74,Archipelago
74,Peninsula
74,Piedmont
74,Coastal
74,Summit
74,Juniper
74,Prairie
74,Tundra
74,Valley
74,Fjord
74,Tidewater
74,Sierra
74,Badlands
74,Seaboard
74,Sugarloaf
74,Metro
75,Plaza
75,Maritime
75,Alpine
75,Horizon
75,Delta
75,Morningstar
75,Midland
75,Garden
75,Olympic
75,Corridor
75,Canyon
75,Glacier
75,Memorial
75,Maelstrom
75,Magnolia
75,Laguna
75,Atlantic
75,Sequoia
75,Central
75,Bayou
75,Continental
75,Meridian
75,Arcadia
75,Typhoon
75,Frontier
75,Pacific
75,Highland
75,Skyline
75,Cascade
75,Archipelago
75,Peninsula
75,Piedmont
75,Coastal
75,Summit
75,Juniper
75,Prairie
75,Tundra
75,Valley
75,Citadel
75,Fjord
75,Tidewater
75,Sierra
75,Badlands
75,Seaboard
75,Sugarloaf
75,Metro
76,Plaza
76,Maritime
76,Alpine
76,Horizon
76,Delta
76,Morningstar
76,Midland
76,Commonwealth
76,Garden
76,Olympic
76,Corridor
76,Canyon
76,Glacier
76,Memorial
76,Maelstrom
76,Magnolia
76,Laguna
76,Sugarloaf
76,Atlantic
76,Sequoia
76,Central
76,Bayou
76,Continental
76,Meridian
76,Arcadia
76,Typhoon
76,Frontier
76,Pacific
76,Highland
76,Skyline
76,Cascade
76,Elysium
76,Archipelago
76,Peninsula
76,Taiga
76,Piedmont
76,Coastal
76,Summit
76,Juniper
76,Prairie
76,Tundra
76,Valley
76,Citadel
76,Fjord
76,Tidewater
76,Sierra
76,Badlands
76,Seaboard
76,Rubicon
76,Metro
77,Plaza
77,Maritime
77,Alpine
77,Horizon
77,Delta
77,Morningstar
77,Midland
77,Commonwealth
77,Garden
77,Zephyr
77,Olympic
77,Corridor
77,Canyon
77,Glacier
77,Memorial
77,Maelstrom
77,Magnolia
77,Laguna
77,Sugarloaf
77,Palisade
77,Atlantic
77,Sequoia
77,Nebula
77,Central
77,Bayou
77,Continental
77,Meridian
77,Arcadia
77,Typhoon
77,Frontier
77,Pacific
77,Highland
77,Skyline
77,Cascade
77,Elysium
77,Archipelago
77,Peninsula
77,Taiga
77,Piedmont
77,Coastal
77,Summit
77,Juniper
77,Polaris
77,Prairie
77,Tundra
77,Valley
77,Citadel
77,Fjord
77,Tidewater
77,Sierra
77,Badlands
77,Seaboard
77,Rubicon
77,Metro
78,Plaza
78,Maritime
78,Alpine
78,Horizon
78,Delta
78,Morningstar
78,Midland
78,Commonwealth
78,Garden
78,Zephyr
78,Olympic
78,Corridor
78,Canyon
78,Glacier
78,Memorial
78,Maelstrom
78,Mesa
78,Magnolia
78,Laguna
78,Laurel
78,Palisade
78,Sugarloaf
78,Atlantic
78,Sequoia
78,Nebula
78,Galaxy
78,Central
78,Bayou
78,Isthmus
78,Continental
78,Meridian
78,Arcadia
78,Typhoon
78,Frontier
78,Pacific
78,Highland
78,Skyline
78,Cascade
78,Elysium
78,Archipelago
78,Peninsula
78,Taiga
78,Piedmont
78,Coastal
78,Summit
78,Juniper
78,Polaris
78,Prairie
78,Tundra
78,Valley
78,Citadel
78,Fjord
78,Tidewater
78,Sierra
78,Badlands
78,Seaboard
78,Rubicon
78,Metro
79,Plaza
79,Maritime
79,Alpine
79,Horizon
79,Delta
79,Morningstar
79,Midland
79,Commonwealth
79,Garden
79,Zephyr
79,Olympic
79,Lyceum
79,Corridor
79,Canyon
79,Glacier
79,Memorial
79,Maelstrom
79,Mesa
79,Magnolia
79,Laguna
79,Laurel
79,Palisade
79,Sugarloaf
79,Atlantic
79,Sequoia
79,Nebula
79,Yukon
79,Galaxy
79,Central
79,Bayou
79,Isthmus
79,Continental
79,Meridian
79,Arcadia
79,Typhoon
79,Frontier
79,Pacific
79,Highland
79,Skyline
79,Cascade
79,Elysium
79,Archipelago
79,Peninsula
79,Taiga
79,Piedmont
79,Coastal
79,Summit
79,Juniper
79,Polaris
79,Prairie
79,Zenith
79,Tundra
79,Valley
79,Citadel
79,Fjord
79,Tidewater
79,Sierra
79,Badlands
79,Seaboard
79,Rubicon
79,Metro
80,Plaza
80,Maritime
80,Alpine
80,Horizon
80,Delta
80,Morningstar
80,Midland
80,Commonwealth
80,Garden
80,Zephyr
80,Olympic
80,Lyceum
80,Corridor
80,Canyon
80,Glacier
80,Memorial
80,Maelstrom
80,Mesa
80,Magnolia
80,Laguna
80,Laurel
80,Palisade
80,Sugarloaf
80,Atlantic
80,Sequoia
80,Nebula
80,Yukon
80,Galaxy
80,Central
80,Bayou
80,Isthmus
80,Continental
80,Meridian
80,Arcadia
80,Typhoon
80,Frontier
80,Pacific
80,Highland
80,Skyline
80,Cascade
80,Elysium
80,Archipelago
80,Peninsula
80,Taiga
80,Piedmont
80,Coastal
80,Summit
80,Juniper
80,Polaris
80,Prairie
80,Zenith
80,Tundra
80,Valley
80,Citadel
80,Fjord
80,Tidewater
80,Sierra
80,Badlands
80,Seaboard
80,Rubicon
80,Metro
81,Plaza
81,Maritime
81,Alpine
81,Horizon
81,Delta
81,Morningstar
81,Midland
81,Xanadu
81,Commonwealth
81,Garden
81,Zephyr
81,Olympic
81,Outback
81,Lyceum
81,Corridor
81,Canyon
81,Glacier
81,Memorial
81,Maelstrom
81,Mesa
81,Magnolia
81,Laguna
81,Laurel
81,Palisade
81,Sugarloaf
81,Atlantic
81,Sequoia
81,Nebula
81,Savanna
81,Galaxy
81,Yukon
81,Central
81,Bayou
81,Isthmus
81,Continental
81,Meridian
81,Arcadia
81,Typhoon
81,Frontier
81,Pacific
81,Highland
81,Skyline
81,Aurora
81,Cascade
81,Elysium
81,Archipelago
81,Peninsula
81,Taiga
81,Piedmont
81,Coastal
81,Summit
81,Juniper
81,Polaris
81,Prairie
81,Zenith
81,Tundra
81,Valley
81,Citadel
81,Fjord
81,Tidewater
81,Sierra
81,Badlands
81,Seaboard
81,Rubicon
81,Metro
82,Plaza
82,Maritime
82,Alpine
82,Horizon
82,Delta
82,Morningstar
82,Midland
82,Xanadu
82,Commonwealth
82,Ravenna
82,Garden
82,Zephyr
82,Olympic
82,Outback
82,Lyceum
82,Corridor
82,Canyon
82,Glacier
82,Memorial
82,Maelstrom
82,Mesa
82,Magnolia
82,Laguna
82,Laurel
82,Palisade
82,Sugarloaf
82,Atlantic
82,Sequoia
82,Nebula
82,Savanna
82,Galaxy
82,Veldt
82,Central
82,Yukon
82,Bayou
82,Isthmus
82,Continental
82,Meridian
82,Arcadia
82,Typhoon
82,Frontier
82,Pacific
82,Highland
82,Skyline
82,Aurora
82,Cascade
82,Elysium
82,Archipelago
82,Peninsula
82,Taiga
82,Wilderness
82,Piedmont
82,Coastal
82,Summit
82,Juniper
82,Polaris
82,Prairie
82,Union
82,Zenith
82,Tundra
82,Valley
82,Citadel
82,Fjord
82,Tidewater
82,Sierra
82,Badlands
82,Seaboard
82,Keystone
82,Rubicon
82,Metro
83,Plaza
83,Maritime
83,Alpine
83,Horizon
83,Delta
83,Valhalla
83,Morningstar
83,Midland
83,Xanadu
83,Commonwealth
83,Ravenna
83,Garden
83,Zephyr
83,Olympic
83,Outback
83,Lyceum
83,Corridor
83,Canyon
83,Glacier
83,Memorial
83,Maelstrom
83,Mesa
83,Magnolia
83,Laguna
83,Laurel
83,Palisade
83,Sugarloaf
83,Atlantic
83,Sequoia
83,Nebula
83,Savanna
83,Galaxy
83,Veldt
83,Central
83,Quarry
83,Yukon
83,Bayou
83,Isthmus
83,Continental
83,Meridian
83,Arcadia
83,Typhoon
83,Frontier
83,Pacific
83,Highland
83,Skyline
83,Seneca
83,Aurora
83,Cascade
83,Elysium
83,Archipelago
83,Peninsula
83,Taiga
83,Wilderness
83,Piedmont
83,Coastal
83,Summit
83,Juniper
83,Polaris
83,Prairie
83,Union
83,Zenith
83,Tundra
83,Valley
83,Citadel
83,Fjord
83,Tidewater
83,Sierra
83,Badlands
83,Riviera
83,Seaboard
83,Keystone
83,Rubicon
83,Metro
84,Valhalla
84,Midland
84,Ravenna
84,Garden
84,Lyceum
84,Canyon
84,Glacier
84,Memorial
84,Maelstrom
84,Mesa
84,Magnolia
84,Laguna
84,Laurel
84,Galaxy
84,Meridian
84,Arcadia
84,Archipelago
84,Peninsula
84,Wilderness
84,Summit
84,Juniper
84,Prairie
84,Union
84,Citadel
84,Fjord
84,Riviera
84,Zephyr
84,Sugarloaf
84,Plaza
84,Maritime
84,Horizon
84,Spring
84,Atlantic
84,Nebula
84,Continental
84,Pacific
84,Skyline
84,Elysium
84,Tidewater
84,Sierra
84,Metro
84,Alpine
84,Morningstar
84,Xanadu
84,Commonwealth
84,Outback
84,Palisade
84,Yukon
84,Sequoia
84,Savanna
84,Central
84,Bayou
84,Typhoon
84,Highland
84,Seneca
84,Aurora
84,Badlands
84,Delta
84,Olympic
84,Corridor
84,Veldt
84,Quarry
84,Isthmus
84,Frontier
84,Utopia
84,Cascade
84,Taiga
84,Piedmont
84,Coastal
84,Polaris
84,Zenith
84,Rainforest
84,Tundra
84,Valley
84,Seaboard
84,Keystone
84,Rubicon
85,Valhalla
85,Midland
85,Ravenna
85,Garden
85,Lyceum
85,Canyon
85,Glacier
85,Memorial
85,Maelstrom
85,Mesa
85,Magnolia
85,Laguna
85,Laurel
85,Galaxy
85,Meridian
85,Arcadia
85,Denali
85,Archipelago
85,Peninsula
85,Wilderness
85,Hinterland
85,Summit
85,Juniper
85,Prairie
85,Union
85,Citadel
85,Fjord
85,Riviera
85,Sugarloaf
85,Zephyr
85,Plaza
85,Maritime
85,Horizon
85,Cosmos
85,Spring
85,Atlantic
85,Nebula
85,Continental
85,Pacific
85,Skyline
85,Elysium
85,Tidewater
85,Sierra
85,Metro
85,Alpine
85,Morningstar
85,Xanadu
85,Commonwealth
85,Outback
85,Palisade
85,Yukon
85,Sequoia
85,Savanna
85,Central
85,Bayou
85,Typhoon
85,Highland
85,Seneca
85,Aurora
85,Evergreen
85,Badlands
85,Delta
85,Olympic
85,Corridor
85,Veldt
85,Quarry
85,Isthmus
85,Frontier
85,Utopia
85,Cascade
85,Taiga
85,Piedmont
85,Coastal
85,Polaris
85,Zenith
85,Rainforest
85,Tundra
85,Valley
85,Seaboard
85,Keystone
85,Rubicon
86,Valhalla
86,Midland
86,Ravenna
86,Garden
86,Lyceum
86,Canyon
86,Glacier
86,Memorial
86,Maelstrom
86,Mesa
86,Magnolia
86,Laguna
86,Laurel
86,Galaxy
86,Meridian
86,Arcadia
86,Denali
86,Archipelago
86,Peninsula
86,Wilderness
86,Serengeti
86,Hinterland
86,Summit
86,Juniper
86,Prairie
86,Union
86,Citadel
86,Fjord
86,Riviera
86,Sugarloaf
86,Zephyr
86,Plaza
86,Maritime
86,Horizon
86,Cosmos
86,Orbital
86,Spring
86,Atlantic
86,Nebula
86,Pioneer
86,Continental
86,Pacific
86,Skyline
86,Elysium
86,Tidewater
86,Sierra
86,Metro
86,Alpine
86,Morningstar
86,Xanadu
86,Commonwealth
86,Outback
86,Palisade
86,Yukon
86,Sequoia
86,Savanna
86,Central
86,Bayou
86,Typhoon
86,Highland
86,Seneca
86,Windward
86,Aurora
86,Evergreen
86,Badlands
86,Patagonia
86,Delta
86,Olympic
86,Corridor
86,Veldt
86,Quarry
86,Isthmus
86,Frontier
86,Utopia
86,Cascade
86,Taiga
86,Piedmont
86,Coastal
86,Polaris
86,Zenith
86,Rainforest
86,Tundra
86,Valley
86,Seaboard
86,Keystone
86,Rubicon
87,Orange
87,Valhalla
87,Midland
87,Ravenna
87,Garden
87,Lyceum
87,Canyon
87,Glacier
87,Memorial
87,Maelstrom
87,Mesa
87,Magnolia
87,Laguna
87,Laurel
87,Galaxy
87,Village
87,Meridian
87,Arcadia
87,Denali
87,Boardwalk
87,Archipelago
87,Peninsula
87,Wilderness
87,Serengeti
87,Hinterland
87,Summit
87,Juniper
87,Prairie
87,Union
87,Citadel
87,Fjord
87,Riviera
87,Sugarloaf
87,Zephyr
87,Plaza
87,Maritime
87,Horizon
87,Cosmos
87,Orbital
87,Spring
87,Atlantic
87,Nebula
87,Pioneer
87,Continental
87,Pacific
87,Skyline
87,Elysium
87,Nova
87,Tidewater
87,Sierra
87,Metro
87,Alpine
87,Morningstar
87,Xanadu
87,Commonwealth
87,Outback
87,Palisade
87,Yukon
87,Sequoia
87,Savanna
87,Central
87,Bayou
87,Typhoon
87,Highland
87,Seneca
87,Windward
87,Aurora
87,Evergreen
87,Badlands
87,Patagonia
87,Delta
87,Sakura
87,Olympic
87,Corridor
87,Veldt
87,Quarry
87,Isthmus
87,Frontier
87,Utopia
87,Cascade
87,Taiga
87,Piedmont
87,Coastal
87,Polaris
87,Zenith
87,Rainforest
87,Tundra
87,Valley
87,Seaboard
87,Keystone
87,Rubicon
88,Orange
88,Valhalla
88,Midland
88,Ravenna
88,Garden
88,Lyceum
88,Canyon
88,Glacier
88,Memorial
88,Maelstrom
88,Mesa
88,Junction
88,Magnolia
88,Laguna
88,Laurel
88,Galaxy
88,Village
88,Meridian
88,Arcadia
88,Denali
88,Boardwalk
88,Archipelago
88,Peninsula
88,Wilderness
88,Serengeti
88,Hinterland
88,Summit
88,Juniper
88,Prairie
88,Union
88,Citadel
88,Fjord
88,Riviera
88,Sugarloaf
88,Zephyr
88,Plaza
88,Maritime
88,Horizon
88,Cosmos
88,River
88,Orbital
88,Monolith
88,Spring
88,Atlantic
88,Nebula
88,Pioneer
88,Continental
88,Pacific
88,Skyline
88,Elysium
88,Nova
88,Tidewater
88,Sierra
88,Metro
88,Alpine
88,Morningstar
88,Xanadu
88,Commonwealth
88,Outback
88,Palisade
88,Yukon
88,Sequoia
88,Savanna
88,Central
88,Bayou
88,Typhoon
88,Highland
88,Seneca
88,Windward
88,Aurora
88,Blue
88,Evergreen
88,Badlands
88,Patagonia
88,Delta
88,Sakura
88,Olympic
88,Corridor
88,Veldt
88,Quarry
88,Isthmus
88,Frontier
88,Foundry
88,Utopia
88,Cascade
88,Taiga
88,Piedmont
88,Coastal
88,Polaris
88,Zenith
88,Rainforest
88,Tundra
88,Valley
88,Seaboard
88,Keystone
88,Rubicon
89,Orange
89,Valhalla
89,Midland
89,Ravenna
89,Garden
89,Lyceum
89,Canyon
89,Glacier
89,Memorial
89,Maelstrom
89,Mesa
89,Junction
89,Magnolia
89,Laguna
89,Laurel
89,Galaxy
89,Village
89,Meridian
89,Arcadia
89,Denali
89,Boardwalk
89,Archipelago
89,Peninsula
89,Wilderness
89,Serengeti
89,Hinterland
89,Summit
89,Juniper
89,Prairie
89,Union
89,Citadel
89,Fjord
89,Riviera
89,Sugarloaf
89,Zephyr
89,Plaza
89,Maritime
89,Horizon
89,Cosmos
89,River
89,Orbital
89,Monolith
89,Spring
89,Atlantic
89,Nebula
89,Pioneer
89,Continental
89,Centennial
89,Pacific
89,Skyline
89,Elysium
89,Nova
89,Tidewater
89,Sierra
89,Metro
89,Alpine
89,Morningstar
89,Xanadu
89,Commonwealth
89,Outback
89,Palisade
89,Yukon
89,Sequoia
89,Savanna
89,Central
89,Bayou
89,Typhoon
89,Highland
89,Seneca
89,Windward
89,Aurora
89,Blue
89,Evergreen
89,Badlands
89,Patagonia
89,Delta
89,Sakura
89,Olympic
89,Corridor
89,Veldt
89,Sunrise
89,Quarry
89,Isthmus
89,Woodlands
89,Frontier
89,Foundry
89,Utopia
89,Meadow
89,Cascade
89,Taiga
89,Piedmont
89,Coastal
89,Polaris
89,Zenith
89,Rainforest
89,Tundra
89,Valley
89,Seaboard
89,Keystone
89,Rubicon
90,Orange
90,Valhalla
90,Midland
90,Ravenna
90,Garden
90,Lyceum
90,Canyon
90,Glacier
90,Memorial
90,Maelstrom
90,Mesa
90,Junction
90,Magnolia
90,Laguna
90,Laurel
90,Galaxy
90,Village
90,Meridian
90,Arcadia
90,Denali
90,Boardwalk
90,Archipelago
90,Peninsula
90,Wilderness
90,Serengeti
90,Hinterland
90,Summit
90,Juniper
90,Prairie
90,Union
90,Citadel
90,Fjord
90,Riviera
90,Sugarloaf
90,Zephyr
90,Plaza
90,Maritime
90,Horizon
90,Cosmos
90,River
90,Orbital
90,Monolith
90,Spring
90,Atlantic
90,Nebula
90,Pioneer
90,Continental
90,Centennial
90,Pacific
90,Skyline
90,Elysium
90,Nova
90,Tidewater
90,Sierra
90,Metro
90,Alpine
90,Morningstar
90,Xanadu
90,Commonwealth
90,Outback
90,Palisade
90,Yukon
90,Sequoia
90,Savanna
90,Central
90,Bayou
90,Typhoon
90,Highland
90,Seneca
90,Windward
90,Aurora
90,Blue
90,Evergreen
90,Badlands
90,Patagonia
90,Delta
90,Sakura
90,Olympic
90,Corridor
90,Veldt
90,Sunrise
90,Quarry
90,Isthmus
90,Woodlands
90,Frontier
90,Foundry
90,Utopia
90,Meadow
90,Cascade
90,Taiga
90,Piedmont
90,Coastal
90,Polaris
90,Zenith
90,Rainforest
90,Tundra
90,Valley
90,Seaboard
90,Keystone
90,Rubicon
91,Orange
91,Valhalla
91,Midland
91,Ravenna
91,Garden
91,Lyceum
91,Canyon
91,Glacier
91,Memorial
91,Maelstrom
91,Mesa
91,Junction
91,Magnolia
91,Laguna
91,Laurel
91,Galaxy
91,Village
91,Meridian
91,Arcadia
91,Denali
91,Boardwalk
91,Archipelago
91,Peninsula
91,Wilderness
91,Serengeti
91,Hinterland
91,Summit
91,Juniper
91,Prairie
91,Union
91,Citadel
91,Fjord
91,Riviera
91,Sugarloaf
91,Zephyr
91,Plaza
91,Maritime
91,Horizon
91,Cosmos
91,River
91,Orbital
91,Monolith
91,Spring
91,Atlantic
91,Nebula
91,Pioneer
91,Continental
91,Centennial
91,Pacific
91,Skyline
91,Elysium
91,Nova
91,Tidewater
91,Sierra
91,Metro
91,Alpine
91,Morningstar
91,Xanadu
91,Commonwealth
91,Outback
91,Palisade
91,Yukon
91,Sequoia
91,Savanna
91,Central
91,Bayou
91,Typhoon
91,Highland
91,Seneca
91,Windward
91,Aurora
91,Blue
91,Evergreen
91,Badlands
91,Patagonia
91,Delta
91,Sakura
91,Olympic
91,Corridor
91,Veldt
91,Sunrise
91,Quarry
91,Isthmus
91,Woodlands
91,Frontier
91,Foundry
91,Utopia
91,Meadow
91,Cascade
91,Taiga
91,Piedmont
91,Coastal
91,Polaris
91,Zenith
91,Rainforest
91,Tundra
91,Valley
91,Seaboard
91,Keystone
91,Rubicon
92,Orange
92,Valhalla
92,Midland
92,Ravenna
92,Garden
92,Lyceum
92,Canyon
92,Glacier
92,Memorial
92,Maelstrom
92,Mesa
92,Junction
92,Magnolia
92,Laguna
92,Laurel
92,Galaxy
92,Village
92,Meridian
92,Arcadia
92,Denali
92,Boardwalk
92,Archipelago
92,Peninsula
92,Wilderness
92,Serengeti
92,Hinterland
92,Summit
92,Juniper
92,Prairie
92,Union
92,Citadel
92,Fjord
92,Riviera
92,Sugarloaf
92,Zephyr
92,Plaza
92,Maritime
92,Horizon
92,Cosmos
92,River
92,Orbital
92,Monolith
92,Spring
92,Atlantic
92,Nebula
92,Pioneer
92,Continental
92,Centennial
92,Pacific
92,Skyline
92,Elysium
92,Nova
92,Tidewater
92,Sierra
92,Metro
92,Alpine
92,Morningstar
92,Xanadu
92,Commonwealth
92,Outback
92,Palisade
92,Yukon
92,Sequoia
92,Savanna
92,Central
92,Bayou
92,Typhoon
92,Highland
92,Seneca
92,Windward
92,Aurora
92,Blue
92,Evergreen
92,Badlands
92,Patagonia
92,Delta
92,Sakura
92,Olympic
92,Corridor
92,Veldt
92,Sunrise
92,Quarry
92,Isthmus
92,Woodlands
92,Frontier
92,Foundry
92,Utopia
92,Meadow
92,Cascade
92,Taiga
92,Piedmont
92,Coastal
92,Polaris
92,Zenith
92,Rainforest
92,Tundra
92,Valley
92,Seaboard
92,Keystone
92,Rubicon
93,Orange
93,Valhalla
93,Midland
93,Ravenna
93,Garden
93,Lyceum
93,Canyon
93,Glacier
93,Memorial
93,Maelstrom
93,Mesa
93,Junction
93,Magnolia
93,Laguna
93,Laurel
93,Galaxy
93,Village
93,Meridian
93,Arcadia
93,Denali
93,Boardwalk
93,Archipelago
93,Peninsula
93,Wilderness
93,Serengeti
93,Hinterland
93,Summit
93,Juniper
93,Prairie
93,Union
93,Citadel
93,Fjord
93,Riviera
93,Sugarloaf
93,Zephyr
93,Plaza
93,Maritime
93,Horizon
93,Cosmos
93,River
93,Orbital
93,Monolith
93,Spring
93,Atlantic
93,Nebula
93,Pioneer
93,Continental
93,Centennial
93,Pacific
93,Skyline
93,Elysium
93,Nova
93,Tidewater
93,Sierra
93,Metro
93,Alpine
93,Morningstar
93,Xanadu
93,Commonwealth
93,Outback
93,Palisade
93,Yukon
93,Sequoia
93,Savanna
93,Central
93,Bayou
93,Typhoon
93,Highland
93,Seneca
93,Windward
93,Aurora
93,Blue
93,Evergreen
93,Badlands
93,Patagonia
93,Delta
93,Sakura
93,Olympic
93,Corridor
93,Veldt
93,Sunrise
93,Quarry
93,Isthmus
93,Woodlands
93,Frontier
93,Foundry
93,Utopia
93,Meadow
93,Cascade
93,Taiga
93,Piedmont
93,Coastal
93,Polaris
93,Zenith
93,Rainforest
93,Tundra
93,Valley
93,Seaboard
93,Keystone
93,Rubicon
94,Orange
94,Valhalla
94,Midland
94,Ravenna
94,Garden
94,Lyceum
94,Canyon
94,Glacier
94,Memorial
94,Maelstrom
94,Mesa
94,Junction
94,Magnolia
94,Laguna
94,Laurel
94,Galaxy
94,Village
94,Meridian
94,Arcadia
94,Denali
94,Rainbow
94,Boardwalk
94,Archipelago
94,Peninsula
94,Wilderness
94,Serengeti
94,Hinterland
94,Summit
94,Juniper
94,Prairie
94,Union
94,Citadel
94,Fjord
94,Riviera
94,Sugarloaf
94,Zephyr
94,Plaza
94,Maritime
94,Horizon
94,Cosmos
94,River
94,Orbital
94,Monolith
94,Spring
94,Atlantic
94,Nebula
94,Pioneer
94,Continental
94,Centennial
94,Pacific
94,Harbor
94,Skyline
94,Elysium
94,Nova
94,Byzantium
94,Sierra
94,Tidewater
94,Metro
94,Cherry
94,Alpine
94,Quetzal
94,Morningstar
94,Xanadu
94,Commonwealth
94,Outback
94,Palisade
94,Yukon
94,Sequoia
94,Savanna
94,Central
94,Bayou
94,Typhoon
94,Highland
94,Seneca
94,Windward
94,Aurora
94,Blue
94,Volcano
94,Evergreen
94,Badlands
94,Forest
94,Patagonia
94,Delta
94,Sakura
94,Olympic
94,Corridor
94,Veldt
94,Sunrise
94,Quarry
94,Isthmus
94,Woodlands
94,Frontier
94,Foundry
94,Utopia
94,Meadow
94,Olive
94,Cascade
94,Taiga
94,Piedmont
94,Coastal
94,Polaris
94,Zenith
94,Rainforest
94,Tundra
94,Valley
94,Seaboard
94,Keystone
94,Rubicon
